time_ms,value
2265,181
2365,180
2465,181
2565,181
2665,180
2765,180
2865,181
2965,180
3065,180
3165,180
3265,181
3365,179
3465,181
3565,181
3665,181
3765,181
3865,181
3965,181
4065,180
4165,180
4265,180
4365,181
4465,180
4565,181
4665,180
4765,181
4865,180
4965,181
5065,180
5165,180
5265,180
5365,180
5465,181
5565,181
5665,181
5765,180
5865,181
5965,181
6065,181
6165,181
6265,181
6365,180
6465,180
6565,180
6665,180
6765,181
6865,180
6965,181
7065,181
7165,181
7265,180
7365,181
7465,181
7565,181
7665,181
7765,180
7865,180
7965,181
8065,180
8165,180
8265,180
8365,181
8465,180
8565,180
8665,181
8765,180
8865,181
8965,181
9065,181
9165,180
9265,180
9365,181
9465,180
9565,180
9665,181
9765,180
9865,180
9965,180
10065,180
10165,181
10265,181
10365,180
10465,180
10565,181
10665,180
10765,181
10865,181
10965,180
11065,181
11165,180
11265,181
11365,180
11465,180
11565,180
11665,181
11765,181
11865,181
11965,181
12065,180
12165,180
12265,181
12365,180
12465,181
12565,180
12665,180
12765,180
12865,181
12965,181
13065,180
13165,181
13265,181
13365,181
13465,180
13565,181
13665,181
13765,181
13865,180
13965,181
14065,181
14165,181
14265,180
14365,180
14465,180
14565,180
14665,181
14765,181
14865,181
14965,180
15065,180
15165,180
15265,180
15365,180
15465,181
15565,181
15665,181
15765,180
15865,180
15965,181
16065,181
16165,180
16265,181
16365,180
16465,181
16565,180
16665,181
16765,181
16865,180
16965,181
17065,180
17165,181
17265,181
17365,181
17465,180
17565,181
17665,180
17765,181
17865,181
17965,180
18065,180
18165,181
18265,180
18365,181
18465,181
18565,180
18665,181
18765,181
18865,180
18965,181
19065,180
19165,180
19265,180
19365,181
19465,180
19565,180
19665,180
19765,180
19865,181
19965,181
20065,180
20165,181
20265,180
20365,181
20465,180
20565,180
20665,181
20765,181
20865,180
20965,180
21065,180
21165,180
21265,180
21365,181
21465,180
21565,181
21665,180
21765,181
21865,181
21965,180
22065,179
22165,181
22265,180
22365,181
22465,181
22565,181
22665,180
22765,181
22865,181
22965,181
23065,181
23165,181
23265,180
23365,181
23465,180
23565,180
23665,180
23765,180
23865,181
23965,180
24065,180
24165,180
24265,181
24365,180
24465,181
24565,181
24665,180
24765,181
24865,180
24965,180
25065,180
25165,181
25265,180
25365,181
25465,180
25565,180
25665,181
25765,180
25865,180
25965,180
26065,181
26165,180
26265,180
26365,180
26465,180
26565,180
26665,180
26765,181
26865,181
26965,180
27065,180
27165,180
27265,180
27365,181
27465,180
27565,180
27665,180
27765,180
27865,181
27965,180
28065,181
28165,180
28265,180
28365,180
28465,180
28565,181
28665,181
28765,180
28865,180
28965,181
29065,180
29165,180
29265,181
29365,180
29465,181
29565,180
29665,181
29765,181
29865,180
29965,180
30065,180
30165,180
30265,180
30365,181
30465,180
30565,181
30665,181
30765,181
30865,181
30965,180
31065,181
31165,181
31265,180
31365,181
31465,180
31565,181
31665,181
31765,179
31865,180
31965,180
32065,180
32165,180
32265,181
32365,180
32465,181
32565,180
32665,181
32765,181
32865,180
32965,180
33065,181
33165,181
33265,181
33365,181
33465,180
33565,180
33665,181
33765,181
33865,180
33965,180
34065,180
34165,181
34265,180
34365,180
34465,181
34565,180
34665,181
34765,181
34865,181
34965,180
35065,180
35165,180
35265,181
35365,180
35465,180
35565,180
35665,180
35765,181
35865,180
35965,180
36065,180
36165,181
36265,180
36365,180
36465,181
36565,181
36665,180
36765,181
36865,180
36965,181
37065,181
37165,181
37265,181
37365,181
37465,180
37565,180
37665,182
37765,181
37865,180
37965,181
38065,180
38165,181
38265,180
38365,181
38465,181
38565,181
38665,181
38765,180
38865,180
38965,181
39065,181
39165,180
39265,180
39365,180
39465,180
39565,181
39665,182
39765,181
39865,181
39965,180
40065,180
40165,181
40265,181
40365,181
40465,181
40565,180
40665,181
40765,181
40865,181
40965,180
41065,180
41165,181
41265,180
41365,180
41465,180
41565,181
41665,180
41765,181
41865,181
41965,181
42065,180
42165,180
42265,180
42365,180
42465,181
42565,180
42665,181
42765,181
42865,181
42965,181
43065,181
43165,181
43265,181
43365,180
43465,180
43565,180
43665,181
43765,181
43865,180
43965,180
44065,181
44165,181
44265,181
44365,180
44465,180
44565,181
44665,181
44765,180
44865,180
44965,181
45065,181
45165,180
45265,181
45365,180
45465,180
45565,180
45665,181
45765,181
45865,180
45965,181
46065,181
46165,181
46265,180
46365,181
46465,181
46565,180
46665,181
46765,180
46865,180
46965,181
47065,181
47165,180
47265,180
47365,181
47465,180
47565,180
47665,181
47765,180
47865,180
47965,180
48065,180
48165,180
48265,180
48365,181
48465,180
48565,181
48665,181
48765,181
48865,181
48965,180
49065,181
49165,180
49265,180
49365,181
49465,180
49565,181
49665,180
49765,180
49865,180
49965,180
50065,181
50165,180
50265,181
50365,181
50465,181
50565,180
50665,181
50765,181
50865,180
50965,180
51065,181
51165,181
51265,181
51365,180
51465,180
51565,180
51665,180
51765,181
51865,180
51965,180
52065,181
52165,180
52265,181
52365,180
52465,180
52565,180
52665,182
52765,180
52865,180
52965,181
53065,181
53165,180
53265,181
53365,180
53465,180
53565,180
53665,181
53765,180
53865,181
53965,181
54065,181
54165,181
54265,180
54365,181
54465,180
54565,181
54665,181
54765,181
54865,181
54965,180
55065,180
55165,180
55265,181
55365,181
55465,180
55565,181
55665,180
55765,181
55865,181
55965,180
56065,181
56165,181
56265,180
56365,181
56465,181
56565,181
56665,181
56765,181
56865,180
56965,180
57065,181
57165,180
57265,180
57365,181
57465,181
57565,181
57665,181
57765,181
57865,181
57965,180
58065,180
58165,180
58265,180
58365,181
58465,181
58565,181
58665,181
58765,180
58865,181
58965,181
59065,181
59165,181
59265,180
59365,181
59465,181
59565,181
59665,181
59765,181
59865,181
59965,181
60065,180
60165,180
60265,181
60365,180
60465,180
60565,181
60665,181
60765,180
60865,180
60965,181
61065,181
61165,181
61265,180
61365,181
61465,181
61565,180
61665,181
61765,180
61865,180
61965,180
62065,181
62165,181
62265,181
62365,181
62465,181
62565,181
62665,181
62765,180
62865,181
62965,181
63065,181
63165,181
63265,181
63365,180
63465,181
63565,180
63665,181
63765,180
63865,181
63965,181
64065,181
64165,180
64265,181
64365,180
64465,181
64565,180
64665,181
64765,180
64865,180
64965,181
65065,181
65165,181
65265,180
65365,181
65465,180
65565,180
65665,181
65765,181
65865,180
65965,181
66065,181
66165,180
66265,181
66365,181
66465,181
66565,181
66665,181
66765,180
66865,180
66965,180
67065,180
67165,181
67265,181
67365,180
67465,180
67565,181
67665,181
67765,180
67865,181
67965,180
68065,180
68165,180
68265,180
68365,185
68465,194
68565,201
68665,209
68765,215
68865,222
68965,228
69065,235
69165,242
69265,248
69365,256
69465,261
69565,268
69665,276
69765,282
69865,288
69965,295
70065,302
70165,308
70265,314
70365,322
70465,328
70565,334
70665,341
70765,348
70865,354
70965,360
71065,367
71165,374
71265,380
71365,387
71465,393
71565,399
71665,405
71765,411
71865,417
71965,424
72065,429
72165,436
72265,441
72365,448
72465,454
72565,459
72665,466
72765,471
72865,477
72965,482
73065,488
73165,494
73265,501
73365,507
73465,513
73565,519
73665,525
73765,531
73865,537
73965,544
74065,550
74165,555
74265,561
74365,566
74465,572
74565,579
74665,583
74765,589
74865,596
74965,601
75065,606
75165,611
75265,616
75365,622
75465,627
75565,632
75665,638
75765,642
75865,646
75965,651
76065,656
76165,663
76265,667
76365,672
76465,676
76565,681
76665,686
76765,690
76865,694
76965,698
77065,702
77165,707
77265,710
77365,715
77465,719
77565,723
77665,728
77765,732
77865,735
77965,740
78065,744
78165,748
78265,751
78365,754
78465,758
78565,762
78665,765
78765,768
78865,772
78965,775
79065,778
79165,782
79265,784
79365,788
79465,790
79565,794
79665,797
79765,800
79865,802
79965,805
80065,807
80165,810
80265,813
80365,815
80465,817
80565,820
80665,823
80765,825
80865,828
80965,830
81065,832
81165,834
81265,838
81365,839
81465,841
81565,843
81665,844
81765,846
81865,848
81965,850
82065,852
82165,853
82265,854
82365,856
82465,857
82565,859
82665,860
82765,862
82865,862
82965,863
83065,864
83165,865
83265,866
83365,867
83465,868
83565,868
83665,869
83765,871
83865,872
83965,873
84065,872
84165,874
84265,874
84365,875
84465,874
84565,874
84665,873
84765,874
84865,873
84965,874
85065,874
85165,874
85265,874
85365,875
85465,874
85565,875
85665,871
85765,866
85865,864
85965,860
86065,851
86165,850
86265,845
86365,836
86465,834
86565,835
86665,836
86765,834
86865,834
86965,835
87065,834
87165,834
87265,834
87365,834
87465,834
87565,834
87665,835
87765,834
87865,834
87965,834
88065,834
88165,834
88265,834
88365,834
88465,834
88565,833
88665,833
88765,833
88865,834
88965,833
89065,832
89165,834
89265,833
89365,832
89465,833
89565,833
89665,833
89765,832
89865,832
89965,832
90065,833
90165,832
90265,833
90365,833
90465,832
90565,833
90665,832
90765,833
90865,834
90965,830
91065,825
91165,817
91265,815
91365,818
91465,821
91565,824
91665,828
91765,831
91865,834
91965,837
92065,840
92165,841
92265,845
92365,847
92465,849
92565,851
92665,853
92765,855
92865,858
92965,858
93065,861
93165,863
93265,862
93365,865
93465,866
93565,867
93665,868
93765,870
93865,871
93965,872
94065,872
94165,873
94265,874
94365,874
94465,875
94565,875
94665,877
94765,876
94865,878
94965,878
95065,878
95165,879
95265,880
95365,880
95465,880
95565,882
95665,880
95765,882
95865,882
95965,882
96065,882
96165,882
96265,883
96365,884
96465,884
96565,884
96665,883
96765,884
96865,883
96965,882
97065,882
97165,883
97265,882
97365,883
97465,883
97565,884
97665,883
97765,884
97865,884
97965,884
98065,884
98165,885
98265,885
98365,884
98465,885
98565,886
98665,886
98765,886
98865,885
98965,885
99065,887
99165,885
99265,886
99365,885
99465,886
99565,884
99665,884
99765,885
99865,884
99965,884
100065,883
100165,883
100265,884
100365,884
100465,883
100565,884
100665,882
100765,884
100865,883
100965,883
101065,884
101165,884
101265,884
101365,884
101465,885
101565,885
101665,884
101765,885
101865,885
101965,886
102065,885
102165,884
102265,884
102365,884
102465,881
102565,881
102665,881
102765,881
102865,881
102965,881
103065,881
103165,881
103265,880
103365,881
103465,880
103565,881
103665,881
103765,881
103865,880
103965,881
104065,880
104165,880
104265,880
104365,880
104465,881
104565,880
104665,881
104765,880
104865,880
104965,880
105065,879
105165,879
105265,879
105365,879
105465,879
105565,879
105665,879
105765,879
105865,879
105965,880
106065,880
106165,879
106265,879
106365,879
106465,880
106565,879
106665,878
106765,879
106865,879
106965,879
107065,879
107165,879
107265,879
107365,879
107465,880
107565,879
107665,879
107765,878
107865,878
107965,879
108065,878
108165,878
108265,879
108365,879
108465,878
108565,878
108665,878
108765,878
108865,879
108965,879
109065,878
109165,878
109265,878
109365,878
109465,879
109565,878
109665,878
109765,878
109865,878
109965,877
110065,878
110165,877
110265,878
110365,878
110465,879
110565,878
110665,877
110765,877
110865,877
110965,878
111065,877
111165,878
111265,878
111365,877
111465,877
111565,878
111665,877
111765,879
111865,878
111965,877
112065,877
112165,878
112265,877
112365,878
112465,878
112565,879
112665,877
112765,877
112865,876
112965,877
113065,876
113165,877
113265,877
113365,878
113465,877
113565,877
113665,877
113765,878
113865,877
113965,877
114065,877
114165,877
114265,877
114365,876
114465,877
114565,878
114665,877
114765,877
114865,877
114965,877
115065,877
115165,878
115265,878
115365,877
115465,876
115565,877
115665,878
115765,876
115865,877
115965,877
116065,877
116165,877
116265,877
116365,877
116465,876
116565,877
116665,876
116765,877
116865,877
116965,877
117065,877
117165,877
117265,877
117365,877
117465,877
117565,877
117665,877
117765,876
117865,877
117965,876
118065,876
118165,876
118265,876
118365,876
118465,876
118565,877
118665,876
118765,876
118865,876
118965,877
119065,877
119165,876
119265,877
119365,876
119465,877
119565,877
119665,876
119765,876
119865,876
119965,877
120065,877
120165,877
120265,877
120365,877
120465,876
120565,876
120665,876
120765,876
120865,876
120965,876
121065,876
121165,876
121265,876
121365,876
121465,876
121565,876
121665,876
121765,875
121865,877
121965,877
122065,876
122165,876
122265,876
122365,876
122465,877
122565,877
122665,877
122765,876
122865,877
122965,876
123065,876
123165,876
123265,877
123365,876
123465,876
123565,876
123665,877
123765,876
123865,876
123965,876
124065,876
124165,876
124265,876
124365,876
124465,876
124565,876
124665,875
124765,875
124865,876
124965,876
125065,876
125165,876
125265,875
125365,876
125465,876
125565,876
125665,875
125765,876
125865,876
125965,876
126065,875
126165,876
126265,876
126365,876
126465,875
126565,875
126665,875
126765,876
126865,875
126965,876
127065,876
127165,876
127265,875
127365,876
127465,876
127565,876
127665,876
127765,875
127865,876
127965,875
128065,875
128165,875
128265,876
128365,876
128465,876
128565,875
128665,876
128765,876
128865,876
128965,876
129065,876
129165,877
129265,876
129365,875
129465,876
129565,876
129665,875
129765,875
129865,876
129965,876
130065,876
130165,875
130265,874
130365,876
130465,875
130565,876
130665,876
130765,876
130865,875
130965,876
131065,877
131165,876
131265,876
131365,876
131465,876
131565,875
131665,874
131765,876
131865,876
131965,875
132065,876
132165,875
132265,875
132365,875
132465,876
132565,876
132665,875
132765,875
132865,875
132965,875
133065,874
133165,875
133265,874
133365,875
133465,875
133565,876
133665,875
133765,875
133865,875
133965,875
134065,875
134165,875
134265,875
134365,876
134465,875
134565,876
134665,875
134765,875
134865,875
134965,874
135065,875
135165,874
135265,875
135365,876
135465,875
135565,875
135665,875
135765,874
135865,875
135965,876
136065,875
136165,875
136265,875
136365,876
136465,875
136565,875
136665,875
136765,875
136865,875
136965,875
137065,875
137165,875
137265,875
137365,876
137465,875
137565,875
137665,876
137765,875
137865,875
137965,875
138065,875
138165,875
138265,875
138365,875
138465,876
138565,875
138665,874
138765,875
138865,875
138965,875
139065,876
139165,875
139265,875
139365,875
139465,875
139565,875
139665,874
139765,874
139865,875
139965,876
140065,875
140165,875
140265,874
140365,876
140465,875
140565,875
140665,876
140765,875
140865,876
140965,874
141065,874
141165,875
141265,876
141365,876
141465,875
141565,875
141665,876
141765,875
141865,875
141965,876
142065,874
142165,875
142265,875
142365,876
142465,875
142565,874
142665,876
142765,875
142865,875
142965,875
143065,874
143165,875
143265,875
143365,875
143465,875
143565,874
143665,875
143765,875
143865,875
143965,875
144065,874
144165,875
144265,876
144365,875
144465,874
144565,875
144665,875
144765,875
144865,875
144965,874
145065,875
145165,875
145265,875
145365,875
145465,875
145565,875
145665,875
145765,875
145865,875
145965,876
146065,875
146165,875
146265,874
146365,875
146465,875
146565,875
146665,875
146765,875
146865,875
146965,875
147065,875
147165,874
147265,875
147365,875
147465,874
147565,875
147665,875
147765,875
147865,875
147965,875
148065,876
148165,875
148265,875
148365,875
148465,875
148565,875
148665,875
148765,874
148865,874
148965,875
149065,875
149165,875
149265,874
149365,874
149465,875
149565,874
149665,875
149765,875
149865,874
149965,876
150065,875
150165,874
150265,874
150365,874
150465,875
150565,874
150665,874
150765,874
150865,875
150965,875
151065,874
151165,874
151265,875
151365,874
151465,874
151565,874
151665,874
151765,875
151865,875
151965,875
152065,874
152165,874
152265,875
152365,874
152465,875
152565,875
152665,875
152765,874
152865,875
152965,874
153065,875
153165,875
153265,875
153365,875
153465,875
153565,875
153665,874
153765,875
153865,874
153965,874
154065,874
154165,874
154265,875
154365,875
154465,875
154565,875
154665,874
154765,875
154865,875
154965,874
155065,876
155165,874
155265,875
155365,875
155465,875
155565,875
155665,874
155765,875
155865,874
155965,874
156065,875
156165,875
156265,874
156365,875
156465,875
156565,875
156665,875
156765,875
156865,874
156965,876
157065,874
157165,875
157265,874
157365,875
157465,874
157565,874
157665,875
157765,874
157865,874
157965,874
158065,874
158165,875
158265,874
158365,874
158465,875
158565,875
158665,875
158765,875
158865,875
158965,875
159065,874
159165,874
159265,875
159365,874
159465,875
159565,875
159665,874
159765,874
159865,874
159965,875
160065,873
160165,874
160265,874
160365,875
160465,875
160565,874
160665,874
160765,875
160865,875
160965,875
161065,874
161165,875
161265,875
161365,874
161465,875
161565,875
161665,874
161765,875
161865,875
161965,875
162065,874
162165,874
162265,874
162365,875
162465,874
162565,874
162665,875
162765,874
162865,873
162965,874
163065,875
163165,874
163265,874
163365,875
163465,875
163565,875
163665,876
163765,874
163865,875
163965,874
164065,875
164165,874
164265,874
164365,875
164465,875
164565,876
164665,875
164765,875
164865,875
164965,874
165065,874
165165,875
165265,874
165365,874
165465,874
165565,874
165665,875
165765,875
165865,874
165965,875
166065,875
166165,874
166265,874
166365,875
166465,875
166565,875
166665,875
166765,874
166865,874
166965,875
167065,875
167165,874
167265,875
167365,875
167465,874
167565,875
167665,874
167765,874
167865,875
167965,874
168065,875
168165,875
168265,875
168365,875
168465,874
168565,874
168665,875
168765,874
168865,874
168965,874
169065,875
169165,875
169265,874
169365,875
169465,874
169565,874
169665,874
169765,875
169865,875
169965,874
170065,875
170165,874
170265,875
170365,874
170465,875
170565,874
170665,875
170765,874
170865,875
170965,875
171065,875
171165,874
171265,875
171365,875
171465,876
171565,874
171665,874
171765,874
171865,874
171965,874
172065,874
172165,875
172265,874
172365,875
172465,875
172565,874
172665,875
172765,875
172865,875
172965,875
173065,875
173165,874
173265,874
173365,873
173465,874
173565,874
173665,874
173765,875
173865,876
173965,874
174065,874
174165,874
174265,874
174365,873
174465,875
174565,875
174665,875
174765,875
174865,874
174965,875
175065,873
175165,874
175265,874
175365,875
175465,875
175565,875
175665,874
175765,875
175865,875
175965,875
176065,874
176165,874
176265,875
176365,874
176465,874
176565,873
176665,874
176765,874
176865,874
176965,875
177065,874
177165,874
177265,875
177365,874
177465,874
177565,875
177665,874
177765,874
177865,875
177965,874
178065,875
178165,874
178265,874
178365,874
178465,874
178565,874
178665,874
178765,875
178865,874
178965,874
179065,874
179165,874
179265,874
179365,873
179465,875
179565,874
179665,874
179765,874
179865,875
179965,874
180065,873
180165,875
180265,875
180365,874
180465,874
180565,874
180665,874
180765,874
180865,873
180965,874
181065,874
181165,874
181265,874
181365,874
181465,874
181565,874
181665,876
181765,874
181865,874
181965,874
182065,874
182165,874
182265,874
182365,874
182465,874
182565,875
182665,874
182765,874
182865,874
182965,874
183065,874
183165,875
183265,875
183365,874
183465,874
183565,875
183665,875
183765,873
183865,874
183965,874
184065,873
184165,873
184265,873
184365,874
184465,873
184565,874
184665,874
184765,874
184865,874
184965,874
185065,875
185165,874
185265,874
185365,874
185465,874
185565,875
185665,874
185765,873
185865,874
185965,874
186065,875
186165,874
186265,873
186365,874
186465,874
186565,874
186665,873
186765,874
186865,874
186965,874
187065,874
187165,874
187265,874
187365,874
187465,874
187565,874
187665,874
187765,874
187865,874
187965,874
188065,874
188165,874
188265,874
188365,875
188465,874
188565,875
188665,874
188765,873
188865,875
188965,874
189065,874
189165,875
189265,875
189365,874
189465,873
189565,875
189665,874
189765,873
189865,874
189965,874
190065,874
190165,875
190265,875
190365,874
190465,874
190565,874
190665,875
190765,874
190865,874
190965,875
191065,874
191165,874
191265,874
191365,874
191465,874
191565,874
191665,874
191765,875
191865,875
191965,874
192065,874
192165,874
192265,874
192365,874
192465,874
192565,874
192665,874
192765,874
192865,875
192965,875
193065,875
193165,874
193265,874
193365,875
193465,874
193565,874
193665,874
193765,875
193865,874
193965,874
194065,873
194165,874
194265,874
194365,874
194465,875
194565,874
194665,875
194765,874
194865,873
194965,875
195065,874
195165,874
195265,874
195365,873
195465,873
195565,874
195665,874
195765,874
195865,874
195965,874
196065,874
196165,874
196265,874
196365,875
196465,873
196565,873
196665,873
196765,874
196865,874
196965,875
197065,875
197165,875
197265,874
197365,874
197465,874
197565,875
197665,874
197765,874
197865,874
197965,874
198065,873
198165,874
198265,874
198365,874
198465,874
198565,874
198665,875
198765,874
198865,874
198965,875
199065,874
199165,873
199265,874
199365,875
199465,874
199565,875
199665,873
199765,874
199865,875
199965,874
200065,874
200165,873
200265,874
200365,874
200465,873
200565,875
200665,875
200765,875
200865,874
200965,875
201065,874
201165,874
201265,874
201365,873
201465,874
201565,874
201665,875
201765,873
201865,874
201965,873
202065,875
202165,873
202265,874
202365,873
202465,873
202565,874
202665,875
202765,874
202865,874
202965,874
203065,873
203165,874
203265,874
203365,874
203465,874
203565,875
203665,874
203765,874
203865,874
203965,874
204065,874
204165,873
204265,873
204365,874
204465,873
204565,874
204665,874
204765,874
204865,873
204965,875
205065,874
205165,874
205265,875
205365,874
205465,874
205565,874
205665,874
205765,874
205865,875
205965,874
206065,874
206165,874
206265,875
206365,873
206465,874
206565,874
206665,874
206765,874
206865,873
206965,873
207065,873
207165,874
207265,874
207365,874
207465,873
207565,874
207665,874
207765,874
207865,873
207965,874
208065,874
208165,874
208265,874
208365,874
208465,874
208565,873
208665,874
208765,873
208865,874
208965,874
209065,874
209165,874
209265,875
209365,874
209465,874
209565,874
209665,874
209765,874
209865,874
209965,874
210065,874
210165,874
210265,873
210365,874
210465,873
210565,875
210665,874
210765,873
210865,873
210965,873
211065,874
211165,874
211265,874
211365,874
211465,874
211565,874
211665,874
211765,873
211865,874
211965,874
212065,874
212165,873
212265,875
212365,874
212465,874
212565,874
212665,874
212765,874
212865,873
212965,873
213065,873
213165,873
213265,874
213365,873
213465,873
213565,873
213665,872
213765,873
213865,874
213965,874
214065,874
214165,874
214265,873
214365,874
214465,874
214565,874
214665,874
214765,873
214865,874
214965,874
215065,873
215165,874
215265,873
215365,874
215465,874
215565,874
215665,874
215765,873
215865,874
215965,875
216065,875
216165,874
216265,873
216365,874
216465,874
216565,874
216665,874
216765,873
216865,874
216965,873
217065,874
217165,874
217265,873
217365,874
217465,873
217565,875
217665,874
217765,874
217865,874
217965,874
218065,875
218165,874
218265,874
218365,873
218465,874
218565,874
218665,874
218765,875
218865,874
218965,873
219065,874
219165,874
219265,874
219365,874
219465,874
219565,874
219665,874
219765,874
219865,873
219965,872
220065,873
220165,874
220265,874
220365,873
220465,873
220565,873
220665,874
220765,874
220865,875
220965,874
221065,873
221165,874
221265,873
221365,875
221465,874
221565,874
221665,874
221765,874
221865,873
221965,873
222065,873
222165,874
222265,874
222365,874
222465,873
222565,873
222665,873
222765,874
222865,874
222965,873
223065,873
223165,874
223265,874
223365,874
223465,874
223565,873
223665,873
223765,874
223865,874
223965,874
224065,874
224165,874
224265,874
224365,873
224465,873
224565,874
224665,873
224765,873
224865,873
224965,873
225065,874
225165,873
225265,873
225365,873
225465,873
225565,873
225665,873
225765,873
225865,873
225965,873
226065,873
226165,874
226265,874
226365,874
226465,873
226565,873
226665,874
226765,873
226865,873
226965,873
227065,874
227165,874
227265,874
227365,873
227465,873
227565,873
227665,874
227765,874
227865,874
227965,873
228065,873
228165,873
228265,873
228365,874
228465,874
228565,874
228665,874
228765,874
228865,874
228965,874
229065,874
229165,873
229265,874
229365,873
229465,873
229565,873
229665,873
229765,873
229865,874
229965,874
230065,874
230165,873
230265,873
230365,874
230465,873
230565,873
230665,873
230765,872
230865,874
230965,873
231065,873
231165,874
231265,873
231365,873
231465,873
231565,873
231665,873
231765,874
231865,873
231965,874
232065,873
232165,872
232265,874
232365,873
232465,873
232565,874
232665,873
232765,873
232865,874
232965,873
233065,874
233165,873
233265,873
233365,874
233465,874
233565,873
233665,872
233765,873
233865,874
233965,873
234065,874
234165,874
234265,873
234365,874
234465,873
234565,872
234665,874
234765,874
234865,874
234965,875
235065,874
235165,874
235265,873
235365,874
235465,873
235565,874
235665,873
235765,873
235865,874
235965,873
236065,873
236165,872
236265,873
236365,874
236465,874
236565,873
236665,873
236765,873
236865,873
236965,873
237065,873
237165,874
237265,873
237365,873
237465,873
237565,874
237665,874
237765,873
237865,873
237965,873
238065,873
238165,874
238265,872
238365,874
238465,873
238565,874
238665,874
238765,873
238865,873
238965,873
239065,873
239165,874
239265,873
239365,873
239465,874
239565,873
239665,874
239765,873
239865,873
239965,874
240065,873
240165,873
240265,873
240365,873
240465,873
240565,873
240665,872
240765,874
240865,874
240965,873
241065,873
241165,873
241265,873
241365,874
241465,874
241565,873
241665,874
241765,874
241865,873
241965,874
242065,873
242165,873
242265,874
242365,873
242465,873
242565,873
242665,873
242765,873
242865,873
242965,874
243065,874
243165,874
243265,873
243365,874
243465,873
243565,873
243665,873
243765,874
243865,874
243965,873
244065,873
244165,873
244265,873
244365,873
244465,874
244565,873
244665,873
244765,873
244865,873
244965,874
245065,873
245165,873
245265,874
245365,874
245465,873
245565,874
245665,873
245765,873
245865,874
245965,874
246065,872
246165,873
246265,872
246365,873
246465,873
246565,873
246665,873
246765,873
246865,873
246965,873
247065,872
247165,874
247265,874
247365,873
247465,873
247565,873
247665,873
247765,873
247865,873
247965,874
248065,873
248165,874
248265,872
248365,874
248465,873
248565,874
248665,873
248765,873
248865,873
248965,873
249065,872
249165,872
249265,874
249365,874
249465,873
249565,873
249665,873
249765,874
249865,873
249965,873
250065,874
250165,873
250265,873
250365,873
250465,873
250565,873
250665,873
250765,872
250865,874
250965,873
251065,873
251165,874
251265,873
251365,872
251465,873
251565,874
251665,873
251765,872
251865,873
251965,873
252065,873
252165,873
252265,875
252365,873
252465,872
252565,873
252665,873
252765,873
252865,873
252965,873
253065,873
253165,874
253265,874
253365,873
253465,873
253565,873
253665,873
253765,873
253865,873
253965,872
254065,872
254165,872
254265,874
254365,872
254465,873
254565,872
254665,873
254765,873
254865,874
254965,873
255065,874
255165,873
255265,873
255365,873
255465,873
255565,873
255665,873
255765,873
255865,872
255965,874
256065,874
256165,873
256265,873
256365,872
256465,873
256565,872
256665,873
256765,873
256865,873
256965,873
257065,874
257165,873
257265,873
257365,873
257465,873
257565,873
257665,874
257765,873
257865,873
257965,873
258065,874
258165,873
258265,873
258365,873
258465,873
258565,873
258665,874
258765,873
258865,874
258965,874
259065,872
259165,873
259265,874
259365,873
259465,874
259565,873
259665,873
259765,873
259865,872
259965,874
260065,873
260165,873
260265,873
260365,874
260465,873
260565,873
260665,874
260765,874
260865,874
260965,872
261065,873
261165,874
261265,872
261365,872
261465,873
261565,874
261665,873
261765,873
261865,873
261965,874
262065,873
262165,873
262265,873
262365,873
262465,873
262565,873
262665,873
262765,874
262865,874
262965,873
263065,873
263165,873
263265,873
263365,873
263465,873
263565,873
263665,873
263765,873
263865,872
263965,873
264065,873
264165,872
264265,873
264365,873
264465,873
264565,873
264665,873
264765,873
264865,873
264965,873
265065,874
265165,873
265265,873
265365,873
265465,873
265565,873
265665,873
265765,873
265865,873
265965,874
266065,873
266165,873
266265,873
266365,872
266465,874
266565,873
266665,873
266765,873
266865,873
266965,873
267065,873
267165,872
267265,873
267365,874
267465,872
267565,873
267665,873
267765,873
267865,873
267965,873
268065,873
268165,873
268265,874
268365,873
268465,873
268565,873
268665,873
268765,873
268865,873
268965,874
269065,873
269165,874
269265,873
269365,874
269465,873
269565,873
269665,872
269765,874
269865,873
269965,872
270065,873
270165,873
270265,873
270365,873
270465,873
270565,873
270665,873
270765,873
270865,873
270965,873
271065,873
271165,873
271265,872
271365,873
271465,873
271565,873
271665,873
271765,873
271865,873
271965,873
272065,874
272165,873
272265,873
272365,873
272465,873
272565,873
272665,874
272765,873
272865,873
272965,872
273065,872
273165,873
273265,873
273365,872
273465,873
273565,872
273665,872
273765,873
273865,873
273965,872
274065,873
274165,873
274265,872
274365,873
274465,874
274565,873
274665,873
274765,873
274865,873
274965,873
275065,873
275165,873
275265,873
275365,873
275465,873
275565,873
275665,872
275765,872
275865,873
275965,873
276065,872
276165,873
276265,872
276365,872
276465,873
276565,874
276665,873
276765,872
276865,874
276965,872
277065,873
277165,873
277265,874
277365,872
277465,873
277565,873
277665,873
277765,873
277865,873
277965,874
278065,871
278165,873
278265,873
278365,874
278465,873
278565,873
278665,873
278765,873
278865,873
278965,873
279065,872
279165,873
279265,873
279365,873
279465,873
279565,872
279665,873
279765,873
279865,873
279965,873
280065,873
280165,873
280265,873
280365,873
280465,873
280565,873
280665,873
280765,873
280865,872
280965,872
281065,873
281165,873
281265,874
281365,873
281465,873
281565,873
281665,872
281765,872
281865,874
281965,872
282065,872
282165,873
282265,873
282365,873
282465,873
282565,873
282665,874
282765,872
282865,872
282965,873
283065,873
283165,874
283265,873
283365,873
283465,873
283565,872
283665,873
283765,873
283865,874
283965,873
284065,873
284165,872
284265,873
284365,873
284465,874
284565,872
284665,873
284765,872
284865,874
284965,873
285065,873
285165,873
285265,873
285365,873
285465,873
285565,872
285665,873
285765,873
285865,872
285965,873
286065,873
286165,872
286265,873
286365,873
286465,873
286565,872
286665,873
286765,873
286865,873
286965,873
287065,874
287165,873
287265,873
287365,873
287465,873
287565,872
287665,873
287765,874
287865,873
287965,873
288065,873
288165,872
288265,873
288365,873
288465,873
288565,873
288665,872
288765,873
288865,873
288965,873
289065,873
289165,873
289265,873
289365,873
289465,873
289565,873
289665,873
289765,872
289865,873
289965,872
290065,872
290165,872
290265,873
290365,872
290465,873
290565,874
290665,871
290765,873
290865,873
290965,873
291065,873
291165,871
291265,874
291365,872
291465,872
291565,873
291665,873
291765,874
291865,873
291965,873
292065,873
292165,873
292265,873
292365,873
292465,873
292565,873
292665,872
292765,873
292865,872
292965,873
293065,873
293165,874
293265,872
293365,873
293465,873
293565,872
293665,873
293765,873
293865,873
293965,872
294065,873
294165,873
294265,873
294365,873
294465,873
294565,872
294665,874
294765,873
294865,873
294965,872
295065,873
295165,872
295265,873
295365,873
295465,872
295565,873
295665,873
295765,872
295865,873
295965,872
296065,873
296165,872
296265,872
296365,873
296465,874
296565,872
296665,873
296765,873
296865,872
296965,872
297065,873
297165,872
297265,873
297365,873
297465,873
297565,872
297665,873
297765,873
297865,874
297965,873
298065,873
298165,872
298265,874
298365,873
298465,872
298565,873
298665,873
298765,873
298865,873
298965,872
299065,873
299165,872
299265,872
299365,873
299465,872
299565,873
299665,873
299765,873
299865,873
299965,873
300065,872
300165,873
300265,873
300365,872
300465,873
300565,873
300665,874
300765,873
300865,872
300965,874
301065,873
301165,873
301265,873
301365,873
301465,873
301565,873
301665,872
301765,872
301865,873
301965,873
302065,873
302165,873
302265,872
302365,872
302465,873
302565,874
302665,873
302765,873
302865,872
302965,873
303065,872
303165,873
303265,873
303365,872
303465,873
303565,873
303665,873
303765,872
303865,873
303965,873
304065,873
304165,872
304265,872
304365,873
304465,873
304565,872
304665,873
304765,872
304865,873
304965,873
305065,873
305165,873
305265,873
305365,873
305465,873
305565,873
305665,873
305765,873
305865,872
305965,873
306065,873
306165,873
306265,872
306365,873
306465,873
306565,874
306665,873
306765,873
306865,874
306965,872
307065,873
307165,873
307265,873
307365,874
307465,874
307565,873
307665,873
307765,872
307865,873
307965,873
308065,872
308165,873
308265,873
308365,873
308465,872
308565,873
308665,873
308765,873
308865,873
308965,873
309065,873
309165,873
309265,872
309365,873
309465,873
309565,873
309665,873
309765,873
309865,873
309965,873
310065,873
310165,874
310265,873
310365,873
310465,873
310565,873
310665,874
310765,873
310865,873
310965,874
311065,872
311165,873
311265,872
311365,873
311465,873
311565,872
311665,873
311765,873
311865,873
311965,873
312065,873
312165,873
312265,873
312365,873
312465,873
312565,872
312665,873
312765,873
312865,873
312965,874
313065,872
313165,873
313265,873
313365,873
313465,874
313565,873
313665,873
313765,873
313865,872
313965,874
314065,873
314165,872
314265,872
314365,872
314465,873
314565,873
314665,873
314765,873
314865,873
314965,871
315065,871
315165,873
315265,873
315365,873
315465,873
315565,873
315665,872
315765,872
315865,873
315965,873
316065,873
316165,873
316265,872
316365,872
316465,874
316565,872
316665,873
316765,873
316865,873
316965,873
317065,873
317165,873
317265,872
317365,872
317465,872
317565,873
317665,873
317765,873
317865,873
317965,873
318065,873
318165,872
318265,873
318365,872
318465,873
318565,873
318665,872
318765,873
318865,873
318965,873
319065,872
319165,873
319265,873
319365,873
319465,872
319565,873
319665,872
319765,872
319865,873
319965,873
320065,873
320165,874
320265,872
320365,872
320465,872
320565,873
320665,872
320765,872
320865,873
320965,873
321065,873
321165,872
321265,872
321365,872
321465,873
321565,873
321665,873
321765,873
321865,873
321965,873
322065,872
322165,872
322265,874
322365,872
322465,873
322565,873
322665,872
322765,872
322865,872
322965,873
323065,873
323165,873
323265,872
323365,873
323465,872
323565,873
323665,873
323765,873
323865,873
323965,872
324065,872
324165,873
324265,873
324365,872
324465,873
324565,872
324665,873
324765,873
324865,873
324965,872
325065,872
325165,872
325265,873
325365,872
325465,873
325565,872
325665,873
325765,873
325865,873
325965,873
326065,873
326165,873
326265,873
326365,872
326465,873
326565,873
326665,873
326765,873
326865,872
326965,873
327065,872
327165,873
327265,871
327365,873
327465,874
327565,872
327665,872
327765,873
327865,872
327965,872
328065,872
328165,873
328265,873
328365,872
328465,872
328565,872
328665,873
328765,871
328865,872
328965,873
329065,872
329165,873
329265,873
329365,873
329465,871
329565,872
329665,873
329765,872
329865,873
329965,872
330065,873
330165,873
330265,872
330365,873
330465,873
330565,873
330665,873
330765,873
330865,873
330965,873
331065,872
331165,872
331265,872
331365,872
331465,872
331565,873
331665,873
331765,873
331865,872
331965,872
332065,873
332165,873
332265,872
332365,872
332465,872
332565,873
332665,871
332765,872
332865,873
332965,873
333065,872
333165,872
333265,872
333365,873
333465,872
333565,873
333665,873
333765,872
333865,873
333965,872
334065,873
334165,872
334265,873
334365,872
334465,872
334565,873
334665,872
334765,872
334865,874
334965,873
335065,873
335165,872
335265,873
335365,872
335465,872
335565,872
335665,872
335765,873
335865,873
335965,872
336065,873
336165,873
336265,873
336365,872
336465,873
336565,873
336665,872
336765,873
336865,873
336965,873
337065,872
337165,873
337265,871
337365,872
337465,873
337565,872
337665,873
337765,872
337865,872
337965,873
338065,872
338165,872
338265,872
338365,873
338465,872
338565,873
338665,873
338765,872
338865,872
338965,873
339065,873
339165,873
339265,872
339365,872
339465,873
339565,873
339665,872
339765,873
339865,873
339965,873
340065,873
340165,872
340265,873
340365,873
340465,873
340565,872
340665,874
340765,873
340865,872
340965,873
341065,873
341165,873
341265,872
341365,873
341465,871
341565,873
341665,873
341765,873
341865,873
341965,873
342065,873
342165,872
342265,873
342365,873
342465,872
342565,873
342665,873
342765,873
342865,873
342965,872
343065,873
343165,873
343265,873
343365,873
343465,872
343565,872
343665,872
343765,872
343865,872
343965,874
344065,873
344165,873
344265,873
344365,872
344465,873
344565,872
344665,872
344765,873
344865,872
344965,873
345065,872
345165,872
345265,873
345365,873
345465,873
345565,871
345665,872
345765,872
345865,872
345965,872
346065,873
346165,873
346265,872
346365,873
346465,872
346565,873
346665,872
346765,873
346865,872
346965,872
347065,872
347165,872
347265,873
347365,873
347465,873
347565,873
347665,874
347765,872
347865,872
347965,873
348065,872
348165,873
348265,873
348365,872
348465,873
348565,873
348665,873
348765,873
348865,871
348965,872
349065,873
349165,873
349265,872
349365,873
349465,872
349565,873
349665,873
349765,872
349865,873
349965,873
350065,872
350165,873
350265,872
350365,873
350465,873
350565,874
350665,873
350765,873
350865,873
350965,873
351065,873
351165,873
351265,872
351365,872
351465,873
351565,871
351665,872
351765,872
351865,872
351965,874
352065,872
352165,872
352265,873
352365,873
352465,872
352565,873
352665,873
352765,872
352865,873
352965,872
353065,872
353165,873
353265,872
353365,873
353465,873
353565,872
353665,873
353765,873
353865,872
353965,872
354065,872
354165,873
354265,872
354365,873
354465,871
354565,873
354665,873
354765,872
354865,873
354965,873
355065,873
355165,871
355265,872
355365,873
355465,872
355565,872
355665,873
355765,872
355865,872
355965,872
356065,872
356165,871
356265,872
356365,872
356465,873
356565,873
356665,872
356765,872
356865,873
356965,872
357065,873
357165,873
357265,872
357365,873
357465,871
357565,871
357665,871
357765,873
357865,873
357965,873
358065,872
358165,872
358265,874
358365,873
358465,872
358565,872
358665,873
358765,871
358865,873
358965,872
359065,872
359165,872
359265,872
359365,873
359465,873
359565,873
359665,872
359765,872
359865,872
359965,873
360065,872
360165,873
360265,872
360365,872
360465,872
360565,873
360665,873
360765,872
360865,872
360965,872
361065,874
361165,873
361265,872
361365,872
361465,872
361565,872
361665,872
361765,871
361865,872
361965,873
362065,873
362165,873
362265,873
362365,872
362465,872
362565,873
362665,874
362765,872
362865,873
362965,873
363065,872
363165,873
363265,873
363365,873
363465,873
363565,872
363665,871
363765,873
363865,873
363965,872
364065,871
364165,873
364265,873
364365,873
364465,872
364565,872
364665,872
364765,872
364865,873
364965,872
365065,872
365165,872
365265,873
365365,872
365465,873
365565,873
365665,873
365765,873
365865,872
365965,872
366065,871
366165,873
366265,872
366365,873
366465,872
366565,872
366665,872
366765,872
366865,872
366965,872
367065,872
367165,873
367265,873
367365,872
367465,871
367565,873
367665,873
367765,872
367865,872
367965,872
368065,873
368165,873
368265,872
368365,872
368465,872
368565,873
368665,872
368765,872
368865,873
368965,873
369065,872
369165,872
369265,872
369365,872
369465,872
369565,871
369665,872
369765,873
369865,872
369965,872
370065,872
370165,872
370265,872
370365,872
370465,872
370565,872
370665,872
370765,872
370865,872
370965,872
371065,872
371165,872
371265,873
371365,872
371465,872
371565,872
371665,872
371765,872
371865,873
371965,872
372065,872
372165,873
372265,874
372365,872
372465,873
372565,872
372665,872
372765,872
372865,873
372965,872
373065,872
373165,872
373265,872
373365,872
373465,872
373565,872
373665,873
373765,873
373865,872
373965,872
374065,872
374165,872
374265,872
374365,872
374465,872
374565,872
374665,872
374765,872
374865,873
374965,872
375065,871
375165,872
375265,872
375365,873
375465,872
375565,872
375665,870
375765,871
375865,872
375965,872
376065,872
376165,872
376265,872
376365,871
376465,873
376565,872
376665,872
376765,872
376865,872
376965,872
377065,872
377165,872
377265,872
377365,874
377465,873
377565,872
377665,871
377765,873
377865,873
377965,872
378065,872
378165,872
378265,872
378365,872
378465,871
378565,872
378665,872
378765,872
378865,872
378965,872
379065,873
379165,872
379265,872
379365,872
379465,872
379565,872
379665,872
379765,872
379865,872
379965,873
380065,872
380165,871
380265,873
380365,872
380465,872
380565,872
380665,872
380765,872
380865,873
380965,872
381065,872
381165,872
381265,872
381365,872
381465,872
381565,873
381665,873
381765,872
381865,872
381965,872
382065,873
382165,872
382265,872
382365,872
382465,872
382565,871
382665,873
382765,871
382865,871
382965,872
383065,872
383165,871
383265,871
383365,872
383465,872
383565,872
383665,871
383765,871
383865,872
383965,872
384065,872
384165,872
384265,872
384365,872
384465,872
384565,873
384665,872
384765,872
384865,872
384965,873
385065,872
385165,872
385265,872
385365,872
385465,873
385565,872
385665,872
385765,872
385865,872
385965,873
386065,872
386165,872
386265,872
386365,872
386465,872
386565,872
386665,871
386765,873
386865,872
386965,873
387065,872
387165,873
387265,872
387365,871
387465,872
387565,872
387665,872
387765,872
387865,872
387965,871
388065,872
388165,871
388265,873
388365,872
388465,872
388565,873
388665,871
388765,872
388865,872
388965,873
389065,872
389165,872
389265,871
389365,872
389465,872
389565,872
389665,872
389765,872
389865,872
389965,872
390065,872
390165,872
390265,872
390365,872
390465,871
390565,872
390665,872
390765,872
390865,872
390965,872
391065,873
391165,873
391265,872
391365,872
391465,872
391565,872
391665,873
391765,873
391865,872
391965,872
392065,872
392165,872
392265,872
392365,872
392465,873
392565,871
392665,872
392765,872
392865,873
392965,872
393065,873
393165,872
393265,872
393365,872
393465,872
393565,872
393665,872
393765,871
393865,872
393965,872
394065,872
394165,872
394265,871
394365,872
394465,873
394565,872
394665,872
394765,873
394865,871
394965,872
395065,871
395165,872
395265,872
395365,873
395465,872
395565,872
395665,872
395765,872
395865,872
395965,872
396065,872
396165,872
396265,872
396365,873
396465,872
396565,872
396665,873
396765,871
396865,872
396965,872
397065,872
397165,872
397265,873
397365,872
397465,872
397565,872
397665,871
397765,872
397865,872
397965,872
398065,872
398165,872
398265,872
398365,872
398465,873
398565,872
398665,873
398765,872
398865,873
398965,873
399065,873
399165,873
399265,872
399365,872
399465,872
399565,872
399665,872
399765,872
399865,872
399965,872
400065,872
400165,872
400265,872
400365,872
400465,872
400565,873
400665,872
400765,872
400865,872
400965,873
401065,872
401165,873
401265,872
401365,871
401465,870
401565,872
401665,872
401765,872
401865,872
401965,872
402065,872
402165,872
402265,872
402365,871
402465,871
402565,872
402665,873
402765,871
402865,871
402965,872
403065,872
403165,872
403265,872
403365,871
403465,872
403565,873
403665,872
403765,872
403865,872
403965,872
404065,872
404165,872
404265,872
404365,872
404465,873
404565,873
404665,873
404765,872
404865,873
404965,872
405065,873
405165,873
405265,871
405365,872
405465,872
405565,872
405665,872
405765,872
405865,872
405965,873
406065,872
406165,873
406265,872
406365,871
406465,872
406565,871
406665,872
406765,872
406865,872
406965,872
407065,872
407165,871
407265,872
407365,871
407465,872
407565,872
407665,872
407765,873
407865,873
407965,873
408065,872
408165,872
408265,871
408365,871
408465,872
408565,872
408665,873
408765,872
408865,872
408965,872
409065,872
409165,871
409265,872
409365,872
409465,872
409565,872
409665,872
409765,871
409865,872
409965,872
410065,872
410165,873
410265,872
410365,873
410465,872
410565,872
410665,871
410765,873
410865,872
410965,872
411065,872
411165,873
411265,872
411365,873
411465,872
411565,871
411665,872
411765,872
411865,872
411965,872
412065,872
412165,872
412265,872
412365,872
412465,872
412565,872
412665,873
412765,872
412865,871
412965,871
413065,871
413165,871
413265,872
413365,873
413465,872
413565,871
413665,872
413765,872
413865,872
413965,872
414065,871
414165,872
414265,872
414365,872
414465,872
414565,872
414665,872
414765,872
414865,872
414965,871
415065,873
415165,872
415265,872
415365,872
415465,872
415565,873
415665,872
415765,872
415865,871
415965,872
416065,872
416165,872
416265,873
416365,872
416465,872
416565,872
416665,871
416765,872
416865,873
416965,872
417065,873
417165,872
417265,872
417365,872
417465,871
417565,872
417665,872
417765,872
417865,871
417965,872
418065,872
418165,872
418265,872
418365,872
418465,871
418565,872
418665,872
418765,872
418865,872
418965,873
419065,871
419165,872
419265,872
419365,872
419465,873
419565,872
419665,872
419765,872
419865,872
419965,872
420065,873
420165,872
420265,871
420365,872
420465,872
420565,873
420665,873
420765,871
420865,873
420965,872
421065,871
421165,873
421265,872
421365,872
421465,872
421565,872
421665,871
421765,873
421865,872
421965,871
422065,871
422165,872
422265,872
422365,872
422465,872
422565,872
422665,871
422765,871
422865,872
422965,872
423065,872
423165,871
423265,871
423365,872
423465,872
423565,872
423665,872
423765,872
423865,873
423965,872
424065,872
424165,871
424265,872
424365,872
424465,872
424565,872
424665,872
424765,872
424865,873
424965,872
425065,873
425165,871
425265,872
425365,873
425465,872
425565,872
425665,872
425765,872
425865,871
425965,872
426065,871
426165,872
426265,873
426365,871
426465,871
426565,872
426665,873
426765,873
426865,872
426965,872
427065,872
427165,873
427265,872
427365,872
427465,873
427565,872
427665,872
427765,872
427865,873
427965,871
428065,871
428165,872
428265,872
428365,872
428465,872
428565,872
428665,872
428765,872
428865,871
428965,872
429065,872
429165,871
429265,872
429365,872
429465,872
429565,871
429665,872
429765,872
429865,872
429965,871
430065,872
430165,872
430265,872
430365,872
430465,872
430565,872
430665,872
430765,872
430865,872
430965,871
431065,872
431165,872
431265,872
431365,873
431465,871
431565,872
431665,872
431765,872
431865,872
431965,871
432065,873
432165,872
432265,872
432365,872
432465,872
432565,872
432665,872
432765,871
432865,873
432965,872
433065,871
433165,872
433265,872
433365,873
433465,872
433565,871
433665,871
433765,872
433865,872
433965,872
434065,872
434165,872
434265,872
434365,871
434465,872
434565,872
434665,872
434765,871
434865,871
434965,872
435065,872
435165,871
435265,872
435365,872
435465,872
435565,872
435665,872
435765,872
435865,871
435965,872
436065,872
436165,872
436265,872
436365,872
436465,872
436565,872
436665,872
436765,872
436865,872
436965,872
437065,873
437165,873
437265,872
437365,873
437465,873
437565,872
437665,872
437765,872
437865,872
437965,871
438065,872
438165,872
438265,872
438365,872
438465,872
438565,872
438665,871
438765,872
438865,873
438965,871
439065,872
439165,872
439265,872
439365,872
439465,871
439565,872
439665,872
439765,871
439865,872
439965,872
440065,871
440165,871
440265,872
440365,871
440465,871
440565,871
440665,872
440765,872
440865,872
440965,871
441065,871
441165,872
441265,872
441365,872
441465,871
441565,872
441665,872
441765,872
441865,872
441965,872
442065,872
442165,872
442265,872
442365,872
442465,872
442565,871
442665,871
442765,873
442865,873
442965,872
443065,872
443165,872
443265,872
443365,872
443465,871
443565,871
443665,872
443765,872
443865,871
443965,872
444065,872
444165,872
444265,871
444365,871
444465,872
444565,870
444665,871
444765,872
444865,871
444965,871
445065,872
445165,872
445265,871
445365,871
445465,872
445565,871
445665,872
445765,872
445865,871
445965,872
446065,872
446165,872
446265,872
446365,873
446465,871
446565,872
446665,871
446765,871
446865,871
446965,872
447065,872
447165,872
447265,871
447365,872
447465,872
447565,872
447665,872
447765,872
447865,872
447965,871
448065,872
448165,871
448265,871
448365,870
448465,871
448565,871
448665,871
448765,871
448865,872
448965,871
449065,872
449165,872
449265,872
449365,872
449465,871
449565,871
449665,872
449765,872
449865,872
449965,872
450065,872
450165,871
450265,871
450365,872
450465,872
450565,872
450665,872
450765,872
450865,871
450965,872
451065,873
451165,872
451265,872
451365,872
451465,871
451565,872
451665,872
451765,872
451865,871
451965,872
452065,872
452165,871
452265,871
452365,872
452465,872
452565,871
452665,871
452765,871
452865,872
452965,871
453065,871
453165,872
453265,872
453365,871
453465,872
453565,872
453665,872
453765,872
453865,872
453965,871
454065,871
454165,873
454265,872
454365,872
454465,871
454565,872
454665,871
454765,872
454865,872
454965,873
455065,871
455165,872
455265,871
455365,872
455465,872
455565,872
455665,871
455765,871
455865,872
455965,871
456065,872
456165,872
456265,872
456365,872
456465,871
456565,871
456665,872
456765,871
456865,870
456965,872
457065,871
457165,871
457265,870
457365,871
457465,871
457565,870
457665,872
457765,871
457865,871
457965,871
458065,871
458165,871
458265,872
458365,871
458465,872
458565,872
458665,872
458765,872
458865,870
458965,871
459065,872
459165,871
459265,871
459365,871
459465,872
459565,872
459665,870
459765,872
459865,872
459965,871
460065,871
460165,872
460265,871
460365,871
460465,872
460565,871
460665,871
460765,871
460865,871
460965,872
461065,871
461165,872
461265,872
461365,871
461465,872
461565,871
461665,871
461765,873
461865,871
461965,871
462065,871
462165,872
462265,872
462365,871
462465,871
462565,872
462665,871
462765,872
462865,872
462965,872
463065,871
463165,872
463265,871
463365,871
463465,871
463565,871
463665,872
463765,871
463865,870
463965,872
464065,871
464165,871
464265,871
464365,871
464465,872
464565,871
464665,871
464765,872
464865,871
464965,872
465065,872
465165,872
465265,871
465365,871
465465,871
465565,872
465665,872
465765,871
465865,871
465965,872
466065,872
466165,871
466265,871
466365,871
466465,872
466565,871
466665,871
466765,871
466865,872
466965,871
467065,872
467165,871
467265,872
467365,871
467465,871
467565,871
467665,873
467765,871
467865,871
467965,873
468065,872
468165,870
468265,872
468365,871
468465,871
468565,871
468665,872
468765,872
468865,871
468965,871
469065,872
469165,871
469265,871
469365,871
469465,871
469565,871
469665,871
469765,872
469865,872
469965,872
470065,872
470165,871
470265,872
470365,872
470465,871
470565,871
470665,872
470765,871
470865,872
470965,872
471065,871
471165,871
471265,872
471365,871
471465,871
471565,872
471665,871
471765,872
471865,872
471965,871
472065,871
472165,871
472265,873
472365,871
472465,873
472565,872
472665,873
472765,872
472865,872
472965,871
473065,871
473165,871
473265,872
473365,872
473465,873
473565,872
473665,873
473765,871
473865,871
473965,872
474065,872
474165,871
474265,871
474365,872
474465,872
474565,871
474665,873
474765,872
474865,872
474965,872
475065,872
475165,871
475265,872
475365,872
475465,872
475565,871
475665,872
475765,871
475865,873
475965,872
476065,871
476165,872
476265,872
476365,872
476465,871
476565,871
476665,871
476765,872
476865,871
476965,872
477065,871
477165,871
477265,872
477365,872
477465,872
477565,872
477665,872
477765,871
477865,871
477965,871
478065,872
478165,872
478265,872
478365,872
478465,871
478565,871
478665,872
478765,871
478865,872
478965,872
479065,872
479165,872
479265,871
479365,871
479465,872
479565,872
479665,872
479765,872
479865,872
479965,872
480065,871
480165,871
480265,872
480365,872
480465,872
480565,872
480665,872
480765,871
480865,871
480965,872
481065,871
481165,872
481265,871
481365,872
481465,872
481565,872
481665,872
481765,871
481865,872
481965,871
482065,872
482165,871
482265,871
482365,872
482465,872
482565,872
482665,871
482765,872
482865,871
482965,873
483065,872
483165,872
483265,871
483365,872
483465,872
483565,871
483665,871
483765,871
483865,871
483965,871
484065,870
484165,872
484265,872
484365,872
484465,872
484565,871
484665,871
484765,872
484865,871
484965,872
485065,872
485165,870
485265,872
485365,871
485465,872
485565,871
485665,872
485765,872
485865,871
485965,872
486065,870
486165,871
486265,872
486365,871
486465,872
486565,871
486665,871
486765,872
486865,872
486965,871
487065,872
487165,871
487265,871
487365,872
487465,871
487565,872
487665,871
487765,871
487865,872
487965,872
488065,872
488165,872
488265,871
488365,871
488465,871
488565,871
488665,871
488765,871
488865,872
488965,872
489065,871
489165,872
489265,871
489365,872
489465,872
489565,871
489665,871
489765,871
489865,871
489965,871
490065,872
490165,872
490265,872
490365,870
490465,871
490565,872
490665,870
490765,871
490865,872
490965,872
491065,872
491165,872
491265,871
491365,872
491465,871
491565,871
491665,871
491765,872
491865,872
491965,872
492065,871
492165,872
492265,871
492365,871
492465,871
492565,872
492665,871
492765,872
492865,871
492965,871
493065,872
493165,871
493265,872
493365,872
493465,871
493565,871
493665,872
493765,872
493865,871
493965,871
494065,871
494165,872
494265,872
494365,872
494465,871
494565,871
494665,872
494765,872
494865,872
494965,871
495065,871
495165,871
495265,871
495365,870
495465,871
495565,872
495665,871
495765,871
495865,871
495965,871
496065,871
496165,872
496265,873
496365,872
496465,871
496565,871
496665,871
496765,871
496865,872
496965,872
497065,871
497165,870
497265,872
497365,871
497465,871
497565,871
497665,871
497765,871
497865,871
497965,872
498065,870
498165,871
498265,871
498365,871
498465,871
498565,871
498665,871
498765,871
498865,872
498965,872
499065,872
499165,871
499265,871
499365,872
499465,872
499565,871
499665,872
499765,871
499865,871
499965,871
500065,871
500165,871
500265,871
500365,871
500465,871
500565,872
500665,871
500765,870
500865,871
500965,871
501065,871
501165,872
501265,870
501365,872
501465,870
501565,871
501665,871
501765,871
501865,871
501965,871
502065,871
502165,871
502265,872
502365,871
502465,871
502565,871
502665,871
502765,871
502865,872
502965,872
503065,871
503165,872
503265,871
503365,872
503465,870
503565,871
503665,872
503765,870
503865,872
503965,871
504065,871
504165,872
504265,872
504365,871
504465,872
504565,871
504665,872
504765,871
504865,872
504965,871
505065,870
505165,871
505265,871
505365,872
505465,871
505565,871
505665,871
505765,871
505865,871
505965,870
506065,871
506165,871
506265,871
506365,871
506465,871
506565,871
506665,871
506765,872
506865,872
506965,870
507065,872
507165,872
507265,871
507365,872
507465,871
507565,871
507665,872
507765,871
507865,871
507965,872
508065,871
508165,872
508265,872
508365,871
508465,871
508565,872
508665,871
508765,871
508865,872
508965,871
509065,871
509165,872
509265,871
509365,872
509465,871
509565,871
509665,870
509765,871
509865,872
509965,871
510065,871
510165,871
510265,870
510365,872
510465,872
510565,871
510665,872
510765,872
510865,872
510965,871
511065,871
511165,871
511265,871
511365,871
511465,871
511565,871
511665,871
511765,871
511865,871
511965,872
512065,871
512165,872
512265,871
512365,871
512465,871
512565,870
512665,871
512765,871
512865,871
512965,871
513065,871
513165,871
513265,871
513365,871
513465,871
513565,870
513665,871
513765,872
513865,871
513965,872
514065,870
514165,871
514265,872
514365,871
514465,871
514565,871
514665,872
514765,871
514865,871
514965,870
515065,871
515165,871
515265,870
515365,871
515465,871
515565,871
515665,871
515765,871
515865,871
515965,872
516065,872
516165,872
516265,872
516365,871
516465,872
516565,872
516665,871
516765,871
516865,871
516965,869
517065,870
517165,871
517265,870
517365,871
517465,871
517565,872
517665,871
517765,871
517865,872
517965,872
518065,871
518165,872
518265,871
518365,871
518465,871
518565,871
518665,872
518765,872
518865,872
518965,871
519065,872
519165,871
519265,871
519365,872
519465,872
519565,871
519665,872
519765,871
519865,871
519965,871
520065,871
520165,871
520265,872
520365,872
520465,872
520565,871
520665,871
520765,871
520865,872
520965,872
521065,870
521165,871
521265,871
521365,871
521465,871
521565,871
521665,872
521765,871
521865,871
521965,871
522065,871
522165,871
522265,872
522365,871
522465,871
522565,871
522665,870
522765,871
522865,871
522965,870
523065,871
523165,871
523265,870
523365,871
523465,871
523565,871
523665,871
523765,870
523865,871
523965,872
524065,872
524165,872
524265,872
524365,871
524465,872
524565,871
524665,871
524765,871
524865,872
524965,871
525065,871
525165,871
525265,871
525365,871
525465,872
525565,871
525665,871
525765,871
525865,871
525965,871
526065,871
526165,871
526265,871
526365,871
526465,871
526565,872
526665,871
526765,870
526865,871
526965,871
527065,871
527165,871
527265,872
527365,871
527465,872
527565,872
527665,871
527765,871
527865,870
527965,872
528065,871
528165,871
528265,871
528365,870
528465,870
528565,872
528665,871
528765,871
528865,871
528965,871
529065,871
529165,871
529265,871
529365,871
529465,871
529565,871
529665,870
529765,872
529865,870
529965,871
530065,871
530165,871
530265,871
530365,870
530465,872
530565,871
530665,871
530765,871
530865,872
530965,871
531065,870
531165,871
531265,870
531365,871
531465,871
531565,871
531665,871
531765,871
531865,871
531965,872
532065,870
532165,871
532265,871
532365,870
532465,870
532565,871
532665,871
532765,871
532865,870
532965,870
533065,871
533165,871
533265,872
533365,871
533465,871
533565,870
533665,872
533765,871
533865,871
533965,871
534065,871
534165,871
534265,871
534365,871
534465,871
534565,871
534665,870
534765,871
534865,870
534965,870
535065,871
535165,871
535265,871
535365,870
535465,870
535565,871
535665,871
535765,871
535865,871
535965,870
536065,871
536165,870
536265,871
536365,871
536465,871
536565,872
536665,871
536765,871
536865,872
536965,871
537065,871
537165,871
537265,872
537365,871
537465,871
537565,871
537665,871
537765,871
537865,871
537965,870
538065,871
538165,871
538265,871
538365,870
538465,871
538565,870
538665,870
538765,871
538865,871
538965,871
539065,871
539165,871
539265,871
539365,872
539465,871
539565,870
539665,871
539765,871
539865,871
539965,871
540065,871
540165,871
540265,870
540365,872
540465,871
540565,871
540665,870
540765,870
540865,870
540965,871
541065,871
541165,870
541265,871
541365,872
541465,871
541565,871
541665,871
541765,871
541865,872
541965,870
542065,871
542165,871
542265,871
542365,871
542465,871
542565,871
542665,871
542765,871
542865,871
542965,871
543065,871
543165,870
543265,870
543365,872
543465,871
543565,871
543665,870
543765,871
543865,871
543965,871
544065,871
544165,871
544265,871
544365,871
544465,871
544565,872
544665,871
544765,871
544865,871
544965,871
545065,870
545165,871
545265,872
545365,871
545465,871
545565,871
545665,872
545765,862
545865,792
545965,705
546065,629
546165,565
546265,509
546365,460
546465,417
546565,380
546665,348
546765,317
546865,292
546965,269
547065,249
547165,233
547265,218
547365,208
547465,199
547565,192
547665,187
547765,185
547865,183
547965,182
548065,182
548165,181
548265,181
548365,181
548465,181
548565,181
548665,181
548765,181
548865,181
548965,180
549065,181
549165,181
549265,182
549365,181
549465,181
549565,180
549665,181
549765,180
549865,180
549965,181
550065,181
550165,181
550265,182
550365,182
550465,183
550565,184
550665,185
550765,186
550865,187
550965,187
551065,189
551165,189
551265,190
551365,190
551465,190
551565,191
551665,192
551765,192
551865,193
551965,194
552065,194
552165,195
552265,195
552365,196
552465,195
552565,196
552665,197
552765,197
552865,197
552965,198
553065,198
553165,199
553265,198
553365,200
553465,200
553565,199
553665,200
553765,199
553865,200
553965,201
554065,200
554165,201
554265,201
554365,200
554465,201
554565,202
554665,202
554765,202
554865,202
554965,202
555065,202
555165,203
555265,203
555365,203
555465,203
555565,203
555665,203
555765,203
555865,204
555965,204
556065,204
556165,203
556265,204
556365,204
556465,204
556565,205
556665,205
556765,205
556865,204
556965,204
557065,205
557165,204
557265,205
557365,205
557465,205
557565,205
557665,205
557765,204
557865,205
557965,205
558065,205
558165,206
558265,205
558365,205
558465,206
558565,205
558665,206
558765,206
558865,206
558965,206
559065,206
559165,206
559265,207
559365,206
559465,206
559565,206
559665,206
559765,205
559865,206
559965,206
560065,206
560165,206
560265,206
560365,205
560465,207
560565,206
560665,206
560765,206
560865,206
560965,206
561065,207
561165,206
561265,206
561365,206
561465,206
561565,206
561665,206
561765,207
561865,206
561965,205
562065,207
562165,207
562265,206
562365,206
562465,206
562565,206
562665,207
562765,206
562865,206
562965,206
563065,206
563165,206
563265,206
563365,206
563465,206
563565,206
563665,206
563765,207
563865,206
563965,207
564065,206
564165,206
564265,207
564365,206
564465,207
564565,207
564665,207
564765,206
564865,207
564965,206
565065,207
565165,207
565265,206
565365,207
565465,206
565565,206
565665,206
565765,207
565865,206
565965,207
566065,207
566165,207
566265,207
566365,207
566465,207
566565,206
566665,207
566765,206
566865,206
566965,207
567065,207
567165,207
567265,206
567365,207
567465,206
567565,207
567665,206
567765,206
567865,207
567965,206
568065,206
568165,207
568265,206
568365,206
568465,207
568565,206
568665,207
568765,207
568865,207
568965,207
569065,207
569165,206
569265,207
569365,207
569465,208
569565,206
569665,207
569765,206
569865,207
569965,207
570065,207
570165,207
570265,207
570365,207
570465,206
570565,207
570665,206
570765,207
570865,206
570965,206
571065,207
571165,206
571265,207
571365,207
571465,206
571565,207
571665,207
571765,207
571865,206
571965,206
572065,207
572165,207
572265,207
572365,207
572465,206
572565,206
572665,206
572765,206
572865,206
572965,207
573065,207
573165,206
573265,207
573365,207
573465,207
573565,207
573665,207
573765,207
573865,207
573965,207
574065,206
574165,206
574265,207
574365,207
574465,207
574565,206
574665,208
574765,207
574865,207
574965,207
575065,207
575165,207
575265,207
575365,207
575465,206
575565,207
575665,207
575765,207
575865,207
575965,207
576065,207
576165,207
576265,207
576365,207
576465,207
576565,207
576665,207
576765,207
576865,206
576965,207
577065,207
577165,207
577265,206
577365,207
577465,208
577565,207
577665,207
577765,206
577865,207
577965,207
578065,207
578165,207
578265,208
578365,206
578465,207
578565,207
578665,207
578765,208
578865,206
578965,206
579065,207
579165,207
579265,207
579365,207
579465,208
579565,207
579665,206
579765,207
579865,206
579965,207
580065,207
580165,207
580265,207
580365,206
580465,207
580565,207
580665,206
580765,206
580865,207
580965,207
581065,207
581165,207
581265,207
581365,207
581465,207
581565,207
581665,207
581765,207
581865,207
581965,207
582065,207
582165,207
582265,207
582365,207
582465,207
582565,207
582665,206
582765,206
582865,207
582965,207
583065,207
583165,208
583265,207
583365,207
583465,207
583565,206
583665,206
583765,207
583865,206
583965,207
584065,207
584165,207
584265,207
584365,206
584465,207
584565,207
584665,207
584765,207
584865,206
584965,207
585065,206
585165,207
585265,206
585365,207
585465,207
585565,207
585665,207
585765,207
585865,207
585965,207
586065,207
586165,207
586265,207
586365,207
586465,207
586565,207
586665,207
586765,206
586865,207
586965,207
587065,207
587165,207
587265,207
587365,208
587465,208
587565,207
587665,206
587765,207
587865,207
587965,207
588065,207
588165,208
588265,207
588365,207
588465,207
588565,207
588665,206
588765,206
588865,207
588965,207
589065,207
589165,207
589265,207
589365,208
589465,207
589565,208
589665,207
589765,206
589865,207
589965,207
590065,207
590165,207
590265,207
590365,207
590465,207
590565,207
590665,206
590765,207
590865,207
590965,207
591065,207
591165,208
591265,208
591365,207
591465,207
591565,207
591665,207
591765,206
591865,207
591965,206
592065,207
592165,207
592265,207
592365,207
592465,207
592565,207
592665,207
592765,207
592865,207
592965,207
593065,207
593165,208
593265,208
593365,207
593465,207
593565,207
593665,207
593765,207
593865,207
593965,207
594065,206
594165,207
594265,207
594365,207
594465,207
594565,207
594665,208
594765,207
594865,207
594965,207
595065,207
595165,208
595265,208
595365,207
595465,207
595565,207
595665,208
595765,207
595865,207
595965,207
596065,206
596165,206
596265,207
596365,207
596465,207
596565,207
596665,207
596765,207
596865,207
596965,207
597065,207
597165,207
597265,207
597365,207
597465,207
597565,207
597665,207
597765,207
597865,207
597965,208
598065,207
598165,207
598265,207
598365,207
598465,207
598565,206
598665,207
598765,207
598865,208
598965,206
599065,207
599165,207
599265,207
599365,207
599465,206
599565,207
599665,207
599765,207
599865,208
599965,208
600065,206
600165,207
600265,207
600365,207
600465,207
600565,207
600665,207
600765,207
600865,206
600965,207
601065,207
601165,207
601265,207
601365,207
601465,207
601565,206
601665,207
601765,207
601865,207
601965,207
602065,207
602165,207
602265,207
602365,207
602465,207
602565,207
602665,207
602765,207
602865,206
602965,207
603065,206
603165,207
603265,207
603365,207
603465,207
603565,207
603665,207
603765,207
603865,207
603965,207
604065,207
604165,207
604265,207
604365,207
604465,207
604565,208
604665,207
604765,208
604865,208
604965,206
605065,207
605165,207
605265,208
605365,207
605465,207
605565,207
605665,207
605765,207
605865,208
605965,207
606065,207
606165,208
606265,207
606365,207
606465,207
606565,207
606665,207
606765,207
606865,207
606965,207
607065,207
607165,207
607265,207
607365,207
607465,208
607565,207
607665,207
607765,206
607865,207
607965,207
608065,208
608165,206
608265,206
608365,207
608465,206
608565,207
608665,207
608765,207
608865,207
608965,207
609065,207
609165,207
609265,207
609365,207
609465,207
609565,207
609665,207
609765,207
609865,207
609965,207
610065,208
610165,206
610265,207
610365,207
610465,207
610565,208
610665,207
610765,206
610865,207
610965,207
611065,207
611165,207
611265,207
611365,207
611465,207
611565,207
611665,207
611765,207
611865,207
611965,207
612065,207
612165,207
612265,207
612365,207
612465,207
612565,207
612665,207
612765,207
612865,207
612965,207
613065,207
613165,207
613265,208
613365,207
613465,207
613565,208
613665,207
613765,207
613865,207
613965,207
614065,207
614165,207
614265,206
614365,207
614465,207
614565,207
614665,207
614765,207
614865,208
614965,208
615065,207
615165,207
615265,207
615365,207
615465,207
615565,207
615665,207
615765,208
615865,207
615965,207
616065,207
616165,207
616265,207
616365,206
616465,207
616565,207
616665,207
616765,207
616865,207
616965,208
617065,207
617165,207
617265,207
617365,206
617465,207
617565,207
617665,207
617765,207
617865,207
617965,208
618065,207
618165,207
618265,208
618365,207
618465,207
618565,207
618665,207
618765,207
618865,207
618965,207
619065,207
619165,206
619265,207
619365,207
619465,207
619565,207
619665,207
619765,207
619865,207
619965,208
620065,207
620165,207
620265,207
620365,206
620465,208
620565,207
620665,207
620765,207
620865,207
620965,208
621065,208
621165,207
621265,207
621365,207
621465,208
621565,207
621665,207
621765,207
621865,207
621965,208
622065,208
622165,207
622265,207
622365,207
622465,207
622565,207
622665,207
622765,207
622865,207
622965,207
623065,207
623165,207
623265,207
623365,207
623465,208
623565,207
623665,207
623765,207
623865,206
623965,207
624065,207
624165,207
624265,207
624365,207
624465,207
624565,207
624665,208
624765,207
624865,207
624965,207
625065,208
625165,207
625265,208
625365,206
625465,207
625565,206
625665,207
625765,207
625865,207
625965,207
626065,207
626165,207
626265,206
626365,206
626465,207
626565,208
626665,207
626765,207
626865,207
626965,207
627065,208
627165,207
627265,207
627365,207
627465,207
627565,207
627665,207
627765,207
627865,207
627965,207
628065,206
628165,207
628265,207
628365,207
628465,207
628565,207
628665,206
628765,207
628865,207
628965,207
629065,207
629165,207
629265,207
629365,207
629465,207
629565,208
629665,206
629765,207
629865,207
629965,206
630065,207
630165,207
630265,207
630365,207
630465,207
630565,207
630665,207
630765,207
630865,207
630965,207
631065,207
631165,207
631265,207
631365,207
631465,207
631565,207
631665,207
631765,207
631865,207
631965,207
632065,208
632165,207
632265,208
632365,207
632465,207
632565,207
632665,207
632765,207
632865,207
632965,207
633065,207
633165,207
633265,207
633365,207
633465,207
633565,207
633665,208
633765,206
633865,206
633965,207
634065,207
634165,207
634265,208
634365,207
634465,207
634565,207
634665,207
634765,208
634865,207
634965,207
635065,208
635165,208
635265,208
635365,207
635465,208
635565,208
635665,207
635765,207
635865,207
635965,207
636065,207
636165,207
636265,207
636365,207
636465,207
636565,207
636665,206
636765,207
636865,207
636965,207
637065,207
637165,207
637265,207
637365,207
637465,207
637565,206
637665,207
637765,207
637865,207
637965,206
638065,206
638165,207
638265,207
638365,207
638465,208
638565,207
638665,207
638765,207
638865,207
638965,207
639065,207
639165,207
639265,207
639365,208
639465,207
639565,207
639665,207
639765,207
639865,207
639965,206
640065,207
640165,207
640265,207
640365,207
640465,207
640565,208
640665,207
640765,207
640865,207
640965,207
641065,207
641165,207
641265,207
641365,207
641465,207
641565,208
641665,206
641765,207
641865,208
641965,207
642065,207
642165,207
642265,207
642365,206
642465,207
642565,207
642665,207
642765,207
642865,207
642965,207
643065,207
643165,207
643265,207
643365,206
643465,207
643565,206
643665,208
643765,207
643865,207
643965,207
644065,206
644165,207
644265,207
644365,207
644465,207
644565,208
644665,207
644765,207
644865,207
644965,207
645065,207
645165,207
645265,207
645365,207
645465,207
645565,206
645665,207
645765,207
645865,207
645965,206
646065,207
646165,207
646265,207
646365,207
646465,207
646565,207
646665,207
646765,207
646865,207
646965,207
647065,207
647165,208
647265,207
647365,207
647465,207
647565,207
647665,208
647765,207
647865,207
647965,207
648065,207
648165,206
648265,207
648365,206
648465,207
648565,207
648665,207
648765,207
648865,207
648965,207
649065,207
649165,207
649265,206
649365,207
649465,207
649565,207
649665,207
649765,207
649865,207
649965,207
650065,207
650165,207
650265,207
650365,208
650465,208
650565,208
650665,208
650765,207
650865,208
650965,206
651065,207
651165,207
651265,207
651365,207
651465,207
651565,206
651665,207
651765,207
651865,207
651965,207
652065,207
652165,208
652265,207
652365,207
652465,207
652565,207
652665,207
652765,207
652865,206
652965,207
653065,207
653165,206
653265,207
653365,208
653465,207
653565,207
653665,207
653765,208
653865,207
653965,208
654065,207
654165,206
654265,207
654365,207
654465,207
654565,207
654665,207
654765,207
654865,207
654965,207
655065,207
655165,207
655265,207
655365,207
655465,207
655565,207
655665,207
655765,207
655865,208
655965,207
656065,207
656165,207
656265,207
656365,207
656465,207
656565,207
656665,207
656765,207
656865,207
656965,207
657065,207
657165,207
657265,207
657365,207
657465,207
657565,207
657665,207
657765,207
657865,207
657965,207
658065,207
658165,207
658265,206
658365,207
658465,207
658565,207
658665,207
658765,207
658865,207
658965,207
659065,208
659165,207
659265,207
659365,207
659465,206
659565,207
659665,207
659765,207
659865,208
659965,208
660065,207
660165,207
660265,207
660365,207
660465,207
660565,207
660665,208
660765,207
660865,207
660965,207
661065,207
661165,207
661265,207
661365,207
661465,207
661565,207
661665,207
661765,207
661865,207
661965,207
662065,206
662165,207
662265,207
662365,207
662465,206
662565,207
662665,207
662765,207
662865,208
662965,207
663065,207
663165,207
663265,207
663365,207
663465,207
663565,207
663665,207
663765,207
663865,207
663965,207
664065,207
664165,207
664265,207
664365,206
664465,207
664565,207
664665,207
664765,208
664865,207
664965,206
665065,207
665165,207
665265,207
665365,208
665465,207
665565,207
665665,207
665765,207
665865,207
665965,207
666065,208
666165,208
666265,206
666365,207
666465,207
666565,207
666665,208
666765,207
666865,207
666965,207
667065,207
667165,207
667265,207
667365,207
667465,207
667565,207
667665,207
667765,207
667865,207
667965,207
668065,207
668165,208
668265,207
668365,208
668465,207
668565,207
668665,207
668765,206
668865,208
668965,207
669065,207
669165,207
669265,207
669365,207
669465,208
669565,207
669665,208
669765,207
669865,207
669965,207
670065,208
670165,208
670265,207
670365,207
670465,207
670565,207
670665,207
670765,207
670865,208
670965,207
671065,207
671165,207
671265,206
671365,207
671465,207
671565,207
671665,207
671765,207
671865,207
671965,207
672065,208
672165,207
672265,207
672365,207
672465,207
672565,206
672665,207
672765,207
672865,207
672965,207
673065,208
673165,207
673265,207
673365,206
673465,208
673565,207
673665,207
673765,207
673865,207
673965,207
674065,207
674165,207
674265,207
674365,207
674465,207
674565,207
674665,207
674765,207
674865,207
674965,207
675065,207
675165,207
675265,208
675365,207
675465,206
675565,207
675665,208
675765,208
675865,207
675965,208
676065,207
676165,207
676265,207
676365,207
676465,207
676565,206
676665,207
676765,207
676865,207
676965,207
677065,207
677165,207
677265,206
677365,207
677465,207
677565,207
677665,207
677765,207
677865,207
677965,207
678065,207
678165,207
678265,207
678365,207
678465,206
678565,207
678665,206
678765,207
678865,207
678965,207
679065,207
679165,207
679265,207
679365,207
679465,207
679565,207
679665,207
679765,207
679865,207
679965,207
680065,207
680165,206
680265,207
680365,207
680465,207
680565,207
680665,207
680765,207
680865,207
680965,207
681065,207
681165,207
681265,207
681365,207
681465,207
681565,207
681665,207
681765,206
681865,207
681965,207
682065,207
682165,208
682265,207
682365,207
682465,207
682565,207
682665,207
682765,207
682865,206
682965,206
683065,208
683165,208
683265,206
683365,207
683465,207
683565,207
683665,207
683765,207
683865,207
683965,207
684065,208
684165,206
684265,207
684365,207
684465,207
684565,207
684665,207
684765,207
684865,207
684965,206
685065,207
685165,207
685265,207
685365,207
685465,207
685565,207
685665,207
685765,207
685865,207
685965,207
686065,207
686165,207
686265,207
686365,207
686465,207
686565,207
686665,207
686765,207
686865,207
686965,208
687065,207
687165,207
687265,208
687365,207
687465,207
687565,207
687665,207
687765,207
687865,207
687965,207
688065,207
688165,207
688265,207
688365,207
688465,207
688565,207
688665,207
688765,207
688865,207
688965,207
689065,207
689165,207
689265,208
689365,207
689465,208
689565,207
689665,207
689765,207
689865,207
689965,207
690065,208
690165,207
690265,208
690365,208
690465,207
690565,207
690665,207
690765,207
690865,207
690965,207
691065,207
691165,207
691265,207
691365,207
691465,207
691565,207
691665,207
691765,208
691865,207
691965,207
692065,207
692165,208
692265,207
692365,208
692465,208
692565,207
692665,207
692765,207
692865,207
692965,207
693065,207
693165,207
693265,207
693365,206
693465,208
693565,207
693665,207
693765,206
693865,207
693965,207
694065,207
694165,207
694265,207
694365,207
694465,207
694565,206
694665,207
694765,207
694865,207
694965,208
695065,208
695165,207
695265,208
695365,207
695465,207
695565,206
695665,207
695765,208
695865,207
695965,207
696065,207
696165,207
696265,207
696365,208
696465,207
696565,207
696665,207
696765,207
696865,207
696965,208
697065,207
697165,208
697265,207
697365,207
697465,207
697565,207
697665,207
697765,208
697865,207
697965,208
698065,207
698165,207
698265,207
698365,208
698465,207
698565,207
698665,208
698765,207
698865,207
698965,207
699065,207
699165,207
699265,207
699365,208
699465,207
699565,207
699665,208
699765,207
699865,206
699965,207
700065,206
700165,207
700265,207
700365,207
700465,208
700565,207
700665,207
700765,207
700865,207
700965,207
701065,207
701165,207
701265,207
701365,208
701465,207
701565,207
701665,208
701765,208
701865,207
701965,208
702065,207
702165,207
702265,207
702365,207
702465,207
702565,207
702665,207
702765,207
702865,207
702965,207
703065,207
703165,207
703265,206
703365,207
703465,207
703565,207
703665,207
703765,208
703865,207
703965,207
704065,207
704165,207
704265,206
704365,207
704465,207
704565,207
704665,207
704765,207
704865,207
704965,207
705065,207
705165,207
705265,207
705365,207
705465,207
705565,207
705665,207
705765,207
705865,207
705965,207
706065,207
706165,207
706265,208
706365,208
706465,208
706565,208
706665,207
706765,207
706865,207
706965,206
707065,207
707165,207
707265,207
707365,207
707465,207
707565,207
707665,207
707765,206
707865,208
707965,207
708065,207
708165,207
708265,207
708365,207
708465,208
708565,207
708665,206
708765,207
708865,207
708965,206
709065,207
709165,207
709265,207
709365,207
709465,207
709565,206
709665,207
709765,207
709865,207
709965,207
710065,207
710165,207
710265,208
710365,207
710465,207
710565,207
710665,207
710765,207
710865,207
710965,206
711065,207
711165,207
711265,207
711365,208
711465,207
711565,206
711665,208
711765,208
711865,208
711965,208
712065,207
712165,207
712265,207
712365,207
712465,208
712565,207
712665,207
712765,206
712865,207
712965,208
713065,206
713165,207
713265,207
713365,206
713465,207
713565,207
713665,207
713765,207
713865,207
713965,207
714065,207
714165,207
714265,207
714365,207
714465,208
714565,207
714665,207
714765,207
714865,207
714965,207
715065,207
715165,207
715265,207
715365,207
715465,208
715565,207
715665,207
715765,207
715865,207
715965,207
716065,207
716165,207
716265,207
716365,207
716465,206
716565,207
716665,208
716765,207
716865,207
716965,207
717065,208
717165,207
717265,207
717365,207
717465,207
717565,207
717665,207
717765,207
717865,207
717965,207
718065,207
718165,207
718265,207
718365,207
718465,208
718565,206
718665,207
718765,207
718865,207
718965,208
719065,207
719165,207
719265,207
719365,207
719465,207
719565,208
719665,207
719765,207
719865,207
719965,206
720065,207
720165,207
720265,206
720365,207
720465,207
720565,207
720665,207
720765,207
720865,207
720965,208
721065,207
721165,207
721265,207
721365,207
721465,207
721565,207
721665,207
721765,206
721865,207
721965,207
722065,207
722165,207
722265,207
722365,207
722465,207
722565,207
722665,208
722765,207
722865,208
722965,207
723065,207
723165,208
723265,207
723365,207
723465,207
723565,206
723665,207
723765,208
723865,208
723965,207
724065,208
724165,208
724265,207
724365,207
724465,207
724565,207
724665,207
724765,207
724865,207
724965,207
725065,207
725165,207
725265,207
725365,207
725465,207
725565,207
725665,207
725765,208
725865,207
725965,207
726065,208
726165,207
726265,207
726365,207
726465,207
726565,207
726665,207
726765,207
726865,207
726965,207
727065,208
727165,206
727265,207
727365,207
727465,207
727565,207
727665,207
727765,207
727865,207
727965,207
728065,207
728165,207
728265,207
728365,207
728465,207
728565,207
728665,207
728765,207
728865,207
728965,207
729065,207
729165,207
729265,207
729365,206
729465,207
729565,207
729665,207
729765,208
729865,207
729965,207
730065,207
730165,207
730265,207
730365,207
730465,207
730565,207
730665,208
730765,207
730865,207
730965,207
731065,208
731165,207
731265,208
731365,207
731465,208
731565,207
731665,207
731765,207
731865,207
731965,207
732065,207
732165,207
732265,207
732365,208
732465,207
732565,207
732665,207
732765,208
732865,207
732965,206
733065,207
733165,207
733265,207
733365,208
733465,207
733565,207
733665,207
733765,207
733865,207
733965,207
734065,207
734165,208
734265,208
734365,208
734465,207
734565,207
734665,208
734765,207
734865,208
734965,207
735065,207
735165,207
735265,207
735365,207
735465,207
735565,206
735665,207
735765,207
735865,207
735965,208
736065,207
736165,207
736265,208
736365,207
736465,207
736565,207
736665,207
736765,207
736865,208
736965,208
737065,207
737165,207
737265,206
737365,207
737465,207
737565,208
737665,207
737765,207
737865,207
737965,207
738065,207
738165,207
738265,207
738365,207
738465,207
738565,207
738665,207
738765,207
738865,207
738965,208
739065,207
739165,207
739265,207
739365,208
739465,207
739565,207
739665,207
739765,207
739865,207
739965,207
740065,207
740165,207
740265,207
740365,207
740465,208
740565,207
740665,207
740765,207
740865,208
740965,207
741065,207
741165,207
741265,207
741365,207
741465,206
741565,207
741665,207
741765,207
741865,207
741965,207
742065,207
742165,207
742265,207
742365,207
742465,207
742565,207
742665,207
742765,207
742865,207
742965,207
743065,207
743165,207
743265,207
743365,207
743465,207
743565,207
743665,207
743765,207
743865,207
743965,207
744065,208
744165,207
744265,207
744365,207
744465,207
744565,207
744665,208
744765,207
744865,207
744965,206
745065,207
745165,207
745265,207
745365,207
745465,207
745565,207
745665,207
745765,208
745865,207
745965,207
746065,207
746165,207
746265,209
746365,202
746465,191
746565,183
746665,181
746765,181
746865,181
746965,181
747065,180
747165,180
747265,180
747365,180
747465,181
747565,181
747665,180
747765,180
747865,180
747965,181
748065,181
748165,180
748265,180
748365,180
748465,180
748565,180
748665,180
748765,181
748865,180
748965,180
749065,181
749165,180
749265,181
749365,180
749465,180
749565,180
749665,181
749765,181
749865,180
749965,181
750065,181
750165,181
750265,181
750365,181
750465,181
750565,181
750665,181
750765,181
750865,181
750965,182
751065,182
751165,181
751265,182
751365,182
751465,181
751565,182
751665,182
751765,182
751865,182
751965,182
752065,182
752165,182
752265,181
752365,182
752465,182
752565,181
752665,181
752765,181
752865,180
752965,181
753065,181
753165,180
753265,180
753365,180
753465,180
753565,180
753665,181
753765,180
753865,180
753965,180
754065,180
754165,181
754265,181
754365,180
754465,181
754565,180
754665,180
754765,180
754865,181
754965,180
755065,180
755165,180
755265,181
755365,180
755465,181
755565,181
755665,180
755765,181
755865,180
755965,181
756065,180
756165,180
756265,181
756365,181
756465,181
756565,181
756665,181
756765,180
756865,181
756965,180
757065,181
757165,180
757265,180
757365,180
757465,180
757565,180
757665,180
757765,180
757865,181
757965,181
758065,180
758165,180
758265,181
758365,181
758465,180
758565,180
758665,180
758765,180
758865,181
758965,180
759065,180
759165,180
759265,180
759365,181
759465,181
759565,180
759665,181
759765,181
759865,181
759965,180
760065,180
760165,180
760265,180
760365,180
760465,180
760565,180
760665,180
760765,180
760865,180
760965,180
761065,181
761165,181
761265,181
761365,180
761465,180
761565,180
761665,180
761765,181
761865,180
761965,181
762065,180
762165,180
